{
    "process_features": 0.03884553909301758,
    "prediction": 8.89862871170044
}