{
    "process_features": 0.044976234436035156,
    "prediction": 8.887738943099976
}