{
    "process_features": 0.029944181442260742,
    "prediction": 7.955950498580933
}